{"stats":{"minecraft:killed":{"minecraft:chicken":3,"thermal:blitz":10,"minecraft:cow":8,"thermal:basalz":10,"minecraft:wandering_trader":3,"minecraft:wither":6,"thermal:blizz":8,"minecraft:pig":7,"minecraft:sheep":9,"minecraft:trader_llama":6,"minecraft:blaze":16},"minecraft:crafted":{"pipez:basic_upgrade":2,"projectexpansion:basic_emc_link":12,"pipez:wrench":1,"minecraft:smooth_stone":38,"immersiveengineering:hammer":4,"thermal:iron_plate":90,"immersiveengineering:hemp_fabric":24,"mekanism:ingot_osmium":96,"fluxnetworks:flux_plug":1,"minecraft:oak_pressure_plate":27,"minecraft:blaze_powder":342,"pipez:improved_upgrade":2,"projecte:swiftwolf_rending_gale":1,"pipez:item_pipe":128,"thermal:machine_furnace":7,"projecte:rm_axe":1,"thermal:copper_gear":28,"sophisticatedbackpacks:crafting_upgrade":1,"minecraft:nether_brick":64,"thermal:electrum_plate":194,"thermal:machine_frame":17,"minecraft:iron_bars":32,"prettypipes:blank_module":34,"create:vertical_gearbox":4,"thermal:lightning_charge":36,"projecte:dark_matter_block":13,"minecraft:glass":377,"thermal:bronze_dust":12,"thermal:upgrade_augment_2":9,"immersiveengineering:dust_gold":74,"projecte:rm_shears":1,"thermal:blitz_powder":2,"refinedstorage:crafting_grid":1,"thermal:upgrade_augment_1":16,"create:mechanical_press":1,"thermal:ice_charge":30,"minecraft:melon_seeds":1,"refinedstorage:grid":4,"thermal:lead_gear":37,"extrastorage:iron_crafter":1,"thermal:basalz_powder":2,"create:cogwheel":31,"projecte:evertide_amulet":4,"mekanism:energy_tablet":14,"projecte:dark_matter":1,"refinedstorage:raw_advanced_processor":4,"mekanism:ultimate_pressurized_tube":8,"mekanism:ingot_tin":154,"thermal:machine_crafter":1,"minecraft:glass_bottle":3,"create:rose_quartz":10,"projecte:transmutation_tablet":2,"projecte:red_matter":1,"tiab:time_in_a_bottle":1,"minecraft:diamond_axe":1,"mekanism:teleporter":4,"refinedstorage:storage_housing":1,"rsinfinitybooster:infinity_card":1,"projecte:philosophers_stone":2,"immersiveengineering:slab_treated_wood_horizontal":12,"storagedrawers:oak_full_drawers_1":8,"prettypipes:high_speed_module":1,"minecraft:smithing_table":1,"minecraft:clock":3,"minecraft:moss_block":2,"minecraft:copper_ingot":55,"minecraft:red_mushroom":1,"projecte:soul_stone":11,"prettypipes:low_speed_module":1,"prettypipes:low_extraction_module":18,"minecraft:lava_bucket":15,"thermal:machine_insolator":1,"create:mechanical_mixer":4,"mekanism:ingot_lead":86,"mekanism:advanced_pressurized_tube":8,"mekanism:teleportation_core":4,"projecte:rm_shovel":1,"create:gearbox":4,"create:encased_fan":3,"thermal:tin_gear":23,"thermal:machine_speed_augment":23,"thermal:redstone_servo":3,"mekanism:dust_osmium":1,"constructionwand:stone_wand":4,"minecraft:stone_slab":114,"quark:oak_chest":22,"minecraft:iron_pickaxe":1,"projecte:medium_covalence_dust":40,"minecraft:iron_block":6,"minecraft:gold_ingot":685,"storagedrawers:oak_full_drawers_2":4,"minecraft:sandstone":24,"storagedrawers:drawer_key":1,"refinedstorage:importer":1,"create:propeller":3,"mekanism:osmium_compressor":1,"minecraft:netherite_ingot":2,"quark:pickarang":1,"refinedstorage:machine_casing":8,"sophisticatedbackpacks:netherite_backpack":1,"extrastorage:disk_1024k":1,"minecraft:fire_charge":48,"refinedstorage:wireless_grid":1,"mekanism:basic_logistical_transporter":8,"powah:capacitor_basic_tiny":2,"projecte:arcana_ring":1,"immersiveengineering:dust_iron":152,"mekanism:advanced_universal_cable":56,"minecraft:packed_ice":64,"thermal:gold_gear":3,"thermal:iron_gear":5,"thermal:signalum_dust":76,"miniutilities:ethereal_glass":16,"refinedstorage:upgrade":4,"minecraft:iron_nugget":360,"sophisticatedbackpacks:stack_upgrade_tier_3":1,"create:white_sail":64,"sophisticatedbackpacks:stack_upgrade_tier_1":1,"projecte:dm_hammer":1,"projecte:rm_leggings":1,"minecraft:pufferfish_bucket":1,"ironjetpacks:basic_coil":11,"refinedstorage:external_storage":1,"thermal:lumium_gear":6,"minecraft:bone_meal":54,"miniutilities:unstable_ingot":2,"thermal:constantan_dust":36,"thermal:invar_ingot":276,"mekanism:basic_pressurized_tube":16,"projecte:dm_shears":1,"thermal:silver_ingot":16,"ironjetpacks:strap":1,"minecraft:ender_pearl":339,"createaddition:gold_rod":2,"projecte:watch_of_flowing_time":2,"minecraft:redstone_block":271,"thermal:invar_dust":228,"create:electron_tube":7,"create:windmill_bearing":2,"rebornstorage:super_wireless_crafting_grid":1,"ironjetpacks:thruster":5,"projecte:dm_axe":1,"powah:dielectric_paste":96,"constructionwand:diamond_wand":6,"simplemagnets:basicmagnet":1,"thermal:electrum_ingot":196,"thermal:bronze_ingot":24,"ironjetpacks:advanced_coil":11,"create:dough":1,"refinedstorage:wireless_transmitter":2,"storagedrawers:one_stack_upgrade":1,"projecte:dm_hoe":1,"minecraft:lily_pad":2,"sophisticatedbackpacks:gold_backpack":1,"refinedstorage:raw_improved_processor":7,"projecte:rm_helmet":1,"minecraft:glowstone":4,"projecte:low_covalence_dust":40,"projecte:dm_chestplate":1,"projecte:dm_shovel":1,"projecte:dm_boots":1,"ironjetpacks:cell":13,"projecte:rm_katar":1,"thermal:press_gear_die":3,"mekanism:dust_tin":67,"minecraft:gunpowder":4,"minecraft:oak_stairs":4,"projecte:rm_chestplate":1,"torchmaster:feral_flare_lantern":1,"powah:capacitor_basic":4,"create:shaft":24,"refinedstorage:improved_processor":11,"projecte:rm_boots":1,"prettypipes:medium_speed_module":1,"minecraft:brick":216,"projectexpansion:magenta_fuel":1,"thermal:machine_chiller":1,"minecraft:oak_planks":5468,"minecraft:barrel":16,"thermal:signalum_ingot":124,"thermal:earth_charge":36,"projecte:rm_hammer":1,"thermal:blizz_powder":2,"refinedstorage:controller":2,"minecraft:stone":264,"thermal:electrum_dust":128,"projecte:high_covalence_dust":120,"fluxnetworks:flux_point":19,"prettypipes:high_extraction_module":1,"pipez:fluid_pipe":16,"minecraft:green_dye":1,"mekanism:basic_tier_installer":2,"minecraft:hopper":1,"powah:energy_cable_basic":12,"thermal:machine_pyrolyzer":2,"refinedstorage:4k_storage_part":1,"projecte:harvest_goddess_band":1,"thermal:machine_pulverizer":1,"minecraft:chest":6,"create:spout":1,"immersiveengineering:treated_wood_horizontal":32,"refinedstorage:pattern_grid":2,"mekanism:basic_fluid_tank":1,"refinedstorage:disk_drive":1,"minecraft:bricks":11,"kubejs:cube1":1,"minecraft:stone_hoe":1,"minecraft:ender_eye":24,"rebornstorage:super_advanced_processor":1,"immersiveengineering:ingot_aluminum":5,"thermal:machine_crucible":1,"fluxnetworks:flux_core":64,"rebornstorage:raw_super_advanced_processor":1,"minecraft:dropper":27,"create:depot":2,"minecraft:oak_slab":9230,"thermal:lumium_dust":84,"ironjetpacks:jetpack":6,"sophisticatedbackpacks:backpack":1,"sophisticatedbackpacks:battery_upgrade":1,"projecte:dm_helmet":1,"minecraft:crafting_table":11,"projecte:mobius_fuel":1,"minecraft:wooden_pickaxe":1,"refinedstorage:exporter":1,"prettypipes:medium_extraction_module":1,"simplemagnets:advancedmagnet":1,"immersiveengineering:cokebrick":108,"sophisticatedbackpacks:upgrade_base":3,"refinedstorage:basic_processor":21,"rechiseled:chisel":1,"ironjetpacks:capacitor":4,"thermal:nickel_ingot":2,"minecraft:string":264,"minecraft:charcoal":81,"minecraft:diamond_pickaxe":1,"minecraft:purple_dye":12,"immersiveengineering:blastbrick":18,"mekanism:steel_casing":3,"sophisticatedbackpacks:diamond_backpack":1,"minecraft:stick":48,"mekanism:crusher":1,"minecraft:iron_ingot":1750,"thermal:item_filter_augment":7,"createaddition:copper_rod":2,"prettypipes:stack_size_module":12,"mekanism:elite_pressurized_tube":8,"thermal:device_nullifier":3,"minecraft:shears":1,"refinedstorage:pattern":6,"projecte:rm_pick":1,"create:empty_blaze_burner":3,"minecraft:small_dripleaf":2,"pipez:advanced_upgrade":2,"thermal:cured_rubber":20,"create:chute":4,"projecte:dm_leggings":1,"minecraft:redstone":1071,"mekanism:basic_universal_cable":48,"kubejs:dormant_effigy":6,"mekanismgenerators:wind_generator":7,"refinedstorage:16k_storage_disk":3,"kubejs:aluminum_gear":1,"refinedstorage:16k_storage_part":1,"projecte:rm_morning_star":1,"minecraft:furnace":16,"mekanism:energized_smelter":1,"minecraft:blast_furnace":4,"thermal:lumium_ingot":92,"minecraft:piston":15,"mekanism:portable_teleporter":1,"mekanism:basic_smelting_factory":1,"refinedstorage:quartz_enriched_iron":192,"minecraft:diamond_block":3,"minecraft:flint_and_steel":1,"refinedstorage:crafter":1,"refinedstorage:advanced_processor":4,"refinedstorage:destruction_core":6,"projecte:aeternalis_fuel":1,"mekanism:teleporter_frame":54,"minecraft:leather":21,"immersiveengineering:dust_nickel":95,"create:millstone":1,"minecraft:slime_ball":1,"projecte:dm_pick":1,"projecte:ignition_ring":1,"projecte:rm_hoe":1,"minecraft:lime_dye":2,"darkutils:charm_portal":1,"thermal:constantan_ingot":180,"mekanism:geiger_counter":1,"sophisticatedbackpacks:stack_upgrade_tier_2":1,"mekanism:block_fluorite":1,"refinedstorage:silicon":96,"create:basin":4,"thermal:machine_smelter":4,"minecraft:netherite_scrap":8,"projecte:volcanite_amulet":1,"prettypipes:pipe":36,"kubejs:press_rod_die":2,"powah:dielectric_rod_horizontal":16,"sophisticatedbackpacks:iron_backpack":1,"powah:energy_cable_starter":12,"projectexpansion:infinite_steak":1,"minecraft:sugar":64,"constructionwand:infinity_wand":1,"mekanism:metallurgic_infuser":3,"thermal:constantan_gear":20,"trashcans:liquid_trash_can":3,"quark:vertical_oak_planks":3,"thermal:invar_gear":12,"projecte:dm_furnace":1,"projecte:dm_pedestal":2,"thermal:machine_press":8,"mekanism:nugget_tin":63,"minecraft:nether_bricks":2,"immersiveengineering:dust_silver":121,"refinedstorage:range_upgrade":4,"projecte:dm_sword":1,"minecraft:bucket":6,"minecraft:ice":578,"minecraft:air":0,"thermal:signalum_gear":6,"immersiveengineering:balloon":4,"mekanism:upgrade_speed":1,"projecte:alchemical_coal":1,"minecraft:white_wool":80,"create:whisk":4,"thermal:machine_bottler":1,"prettypipes:round_robin_sorting_modifier":3,"minecraft:gold_nugget":9,"minecraft:white_dye":1,"mekanism:enrichment_chamber":1,"storagedrawers:void_upgrade":1,"thermal:machine_null_augment":1,"kubejs:bronze_rod":4,"immersiveengineering:dust_copper":106,"projecte:iron_band":3,"create:mechanical_crafter":21,"refinedstorage:construction_core":6,"extrastorage:disk_65536k_fluid":1,"minecraft:torch":8,"thermal:dynamo_stirling":9,"thermal:rf_coil":46,"projecte:rm_sword":1,"create:zinc_ingot":89,"fluxnetworks:flux_block":2},"minecraft:custom":{"minecraft:interact_with_crafting_table":252,"minecraft:open_barrel":38,"minecraft:leave_game":3,"minecraft:time_since_death":2214968,"minecraft:play_time":2214968,"minecraft:jump":5743,"minecraft:interact_with_furnace":869,"minecraft:traded_with_villager":11,"minecraft:damage_dealt":3177,"minecraft:interact_with_smithing_table":4,"minecraft:sneak_time":56549,"minecraft:total_world_time":2236786,"minecraft:time_since_rest":2214968,"minecraft:use_wand":11600,"minecraft:swim_one_cm":292,"minecraft:fly_one_cm":10189902,"minecraft:open_chest":230,"minecraft:fall_one_cm":137705,"minecraft:animals_bred":3,"minecraft:sprint_one_cm":597956,"minecraft:drop":267,"minecraft:talked_to_villager":6,"minecraft:walk_on_water_one_cm":3386,"minecraft:crouch_one_cm":98176,"minecraft:mob_kills":87,"minecraft:walk_one_cm":1565857,"minecraft:walk_under_water_one_cm":3196,"minecraft:damage_taken":1662},"minecraft:mined":{"mekanismgenerators:wind_generator":3,"minecraft:white_bed":2,"create:copper_casing":32,"create:andesite_casing":80,"mekanism:teleporter_frame":62,"minecraft:obsidian":56,"immersiveengineering:blastbrick":52,"mekanism:purification_chamber":1,"minecraft:hopper":1,"mekanism:solar_neutron_activator":1,"minecraft:barrel":2,"pipez:fluid_pipe":4,"rechiseled:cobblestone_pulverized":65,"rechiseled:cobblestone_pulverized_connecting":328,"minecraft:oak_sign":2,"minecraft:oak_stairs":1,"immersiveengineering:balloon":2,"create:cogwheel":5,"mekanismgenerators:turbine_vent":501,"minecraft:soul_fire":1,"mekanism:ultimate_pressurized_tube":34,"thermal:machine_furnace":2,"refinedstorage:importer":9,"minecraft:glass":7,"create:basin":5,"immersiveengineering:cokebrick":7,"minecraft:wheat":13,"storagedrawers:oak_full_drawers_1":7,"create:mechanical_mixer":2,"mekanismgenerators:electromagnetic_coil":1,"refinedstorage:wireless_transmitter":5,"minecraft:grass":44,"thermal:machine_press":3,"mekanismgenerators:reactor_glass":5,"mekanism:teleporter":7,"refinedstorage:external_storage":4,"thermal:machine_pyrolyzer":5,"miniutilities:ethereal_glass":32,"refinedstorage:exporter":12,"mekanism:radioactive_waste_barrel":26,"thermal:machine_smelter":2,"minecraft:redstone_wire":1,"immersiveengineering:coke_oven":2,"minecraft:redstone_ore":876,"create:shaft":2,"refinedstorage:pattern_grid":1,"mekanism:ultimate_mechanical_pipe":3,"minecraft:vine":1,"projecte:dm_pedestal":3,"minecraft:smithing_table":1,"minecraft:oak_slab":2,"extrastorage:diamond_crafter":3,"minecraft:soul_sand":5,"thermal:bell_pepper":1,"minecraft:dandelion":5,"minecraft:emerald_ore":22,"mekanism:pressure_disperser":5,"minecraft:tall_grass":7,"thermal:green_bean":1,"create:blaze_burner":5,"mekanism:pressurized_reaction_chamber":1,"mekanismgenerators:turbine_rotor":1,"create:gearbox":2,"thermal:dynamo_stirling":13,"powah:energy_cable_starter":4,"minecraft:gravel":1,"mekanism:advanced_universal_cable":46,"projectexpansion:basic_emc_link":18,"mekanism:structural_glass":71,"mekanism:chemical_infuser":2,"minecraft:grass_block":200,"mekanismgenerators:control_rod_assembly":9,"pipez:gas_pipe":8,"mekanism:isotopic_centrifuge":2,"mekanism:rotary_condensentrator":3,"extrastorage:gold_crafter":2,"thermal:tomato":1,"mekanismgenerators:rotational_complex":1,"projecte:dm_furnace":2,"mekanism:thermal_evaporation_valve":3,"mekanismgenerators:saturating_condenser":1,"thermal:machine_crucible":1,"powah:energy_cable_basic":21,"mekanismgenerators:fission_reactor_casing":12,"fluxnetworks:flux_point":6,"thermal:sadiroot":1,"minecraft:poppy":6,"minecraft:chest":12,"create:brass_casing":30,"minecraft:cobblestone":27,"minecraft:oak_planks":8,"mekanismgenerators:advanced_solar_generator":4,"clickmachine:auto_clicker":15,"minecraft:oak_log":24,"minecraft:dirt":548,"minecraft:wither_skeleton_skull":5,"mekanism:basic_universal_cable":29,"minecraft:oak_leaves":4,"minecraft:diamond_ore":388,"extrastorage:iron_crafter":12,"immersiveengineering:blast_furnace":2,"prettypipes:pipe":61,"mekanism:ultimate_enriching_factory":1,"refinedstorage:cable":46,"mekanism:ultimate_universal_cable":18,"thermal:machine_pulverizer":1,"minecraft:furnace":7,"itemcollectors:advanced_collector":1,"immersiveengineering:hemp":1416,"create:white_sail":9,"mekanism:thermal_evaporation_controller":1,"create:windmill_bearing":1,"mekanism:basic_fluid_tank":3,"mekanismgenerators:turbine_casing":425,"mekanism:thermal_evaporation_block":380,"pipez:item_pipe":66,"minecraft:crafting_table":1,"minecraft:lapis_ore":18,"projecte:transmutation_table":2,"cookingforblockheads:sink":2,"projectexpansion:transmutation_interface":1,"elevatorid:elevator_white":1,"minecraft:coal_ore":165,"create:mechanical_crafter":23,"mekanismgenerators:fission_fuel_assembly":25},"minecraft:dropped":{"minecraft:porkchop":4,"quark:vertical_oak_planks":3,"mekanism:basic_control_circuit":7,"minecraft:dirt":122,"minecraft:gold_nugget":126,"minecraft:bone_meal":3,"minecraft:sand":65,"minecraft:sugar":1,"thermal:iron_gear":1,"minecraft:white_wool":4,"thermal:earth_charge":68,"minecraft:wheat":111,"thermal:blizz_rod":70,"minecraft:oak_planks":1,"minecraft:lime_dye":2,"minecraft:coal_ore":3,"minecraft:charcoal":1,"prettypipes:high_speed_module":1,"thermal:basalz_rod":96,"minecraft:egg":114,"kubejs:steel_gear":60,"minecraft:wheat_seeds":378,"immersiveengineering:dust_iron":64,"minecraft:feather":1,"thermal:dynamo_stirling":5,"powah:energy_cable_basic":2,"thermal:ice_charge":56,"minecraft:redstone_ore":4,"kubejs:bronze_rod":80,"minecraft:clay_ball":10,"thermal:tomato_seeds":11,"immersiveengineering:treated_wood_horizontal":5,"create:zinc_ingot":218,"minecraft:diamond_pickaxe":1,"prettypipes:low_extraction_module":1,"create:blaze_cake_base":32,"prettypipes:high_extraction_module":1,"minecraft:soul_sand":2260,"minecraft:oak_log":35,"kubejs:cube1":76,"prettypipes:pipe":3,"constructionwand:diamond_wand":1,"minecraft:mutton":2,"refinedstorage:pattern":16,"immersiveengineering:blastbrick":3,"thermal:green_bean_seeds":11,"kubejs:aluminum_gear":1,"create:wheat_flour":29,"minecraft:iron_bars":14,"kubejs:cube2":21,"minecraft:quartz":408,"immersiveengineering:seed":10,"minecraft:netherrack":192,"prettypipes:round_robin_sorting_modifier":1,"minecraft:water_bucket":8,"immersiveengineering:slab_treated_wood_horizontal":5,"thermal:blitz_rod":40,"minecraft:copper_ingot":154,"create:cinder_flour":3,"thermal:lightning_charge":68,"storagedrawers:oak_full_drawers_1":2,"minecraft:torch":3,"minecraft:fire_charge":92,"ironjetpacks:advanced_coil":1,"minecraft:dandelion":5,"immersiveengineering:balloon":1,"minecraft:blaze_rod":90,"thermal:machine_null_augment":1,"create:dough":179,"createaddition:copper_rod":2,"thermal:bell_pepper_seeds":10,"minecraft:wooden_pickaxe":1,"immersiveengineering:hemp_fiber":1,"thermal:invar_gear":70,"create:empty_blaze_burner":1},"minecraft:picked_up":{"kubejs:cube1":63,"kubejs:cube2":2,"minecraft:smithing_table":1,"minecraft:lead":6,"minecraft:oak_stairs":9,"immersiveengineering:blastbrick":54,"refinedstorage:controller":1,"kubejs:cube3":1,"projecte:dm_furnace":2,"minecraft:gold_nugget":171,"mekanism:basic_universal_cable":29,"clickmachine:auto_clicker":15,"thermal:sadiroot_seeds":19,"create:andesite_casing":107,"projecte:watch_of_flowing_time":4,"thermal:machine_pyrolyzer":5,"quark:clear_shard":27,"create:copper_casing":32,"projecte:alchemical_coal":257,"prettypipes:high_extraction_module":2,"mekanism:basic_fluid_tank":3,"minecraft:blaze_rod":109,"thermal:tar":1,"minecraft:feather":5,"minecraft:water_bucket":10,"minecraft:flint":19,"create:cinder_flour":94,"thermal:invar_gear":22,"refinedstorage:crafting_upgrade":5,"pipez:fluid_pipe":4,"immersiveengineering:dust_nickel":2,"powah:capacitor_basic":4,"create:shaft":4,"mekanism:pressure_disperser":5,"thermal:machine_press":4,"mekanism:chemical_infuser":2,"rechiseled:cobblestone_pulverized_connecting":305,"patchouli:guide_book":2,"minecraft:barrel":4,"thermal:dynamo_stirling":14,"mekanismgenerators:turbine_vent":631,"refinedstorage:wireless_transmitter":5,"constructionwand:stone_wand":5,"minecraft:bread":177,"createaddition:copper_rod":2,"mekanismgenerators:turbine_rotor":1,"minecraft:crafting_table":1,"mekanism:thermal_evaporation_controller":1,"minecraft:clay_ball":10,"immersiveengineering:coal_coke":7,"mekanism:teleporter":7,"thermal:nickel_ingot":6,"mekanism:pressurized_reaction_chamber":1,"pipez:advanced_upgrade":2,"refinedstorage:exporter":12,"create:blaze_cake_base":54,"minecraft:poppy":22,"projecte:harvest_goddess_band":1,"mekanism:teleporter_frame":62,"refinedstorage:external_storage":2,"mekanism:structural_glass":71,"minecraft:chest":18,"kubejs:cube1_packaged":1,"minecraft:egg":124,"thermal:sadiroot":16,"pipez:item_pipe":65,"create:blaze_cake":10,"mekanism:ultimate_enriching_factory":1,"minecraft:redstone":3934,"create:brass_casing":30,"create:vertical_gearbox":5,"thermal:machine_smelter":2,"projecte:dm_pedestal":6,"create:depot":1,"refinedstorage:stack_upgrade":6,"minecraft:mutton":2,"minecraft:white_wool":1,"rechiseled:cobblestone_pulverized":65,"powah:capacitor_basic_tiny":2,"prettypipes:low_extraction_module":20,"minecraft:oak_log":623,"mekanism:isotopic_centrifuge":2,"mekanismgenerators:electromagnetic_coil":1,"immersiveengineering:slag":27,"create:crushing_wheel":6,"immersiveengineering:cokebrick":9,"minecraft:glass_bottle":6,"extrastorage:gold_crafter":2,"elevatorid:elevator_white":1,"thermal:blitz_rod":45,"mekanism:radioactive_waste_barrel":26,"projecte:mobius_fuel":115,"minecraft:gravel":41,"create:gearbox":1,"cookingforblockheads:sink":2,"immersiveengineering:seed":1407,"mekanism:advanced_universal_cable":46,"prettypipes:low_filter_module":2,"minecraft:redstone_ore":4,"mekanismgenerators:reactor_glass":5,"thermal:machine_pulverizer":1,"minecraft:hopper":1,"minecraft:wheat":611,"create:mechanical_crafter":23,"prettypipes:wrench":1,"mekanismgenerators:turbine_casing":455,"thermal:basalz_rod":101,"minecraft:oak_sign":4,"mekanism:purification_chamber":1,"thermal:tomato":20,"minecraft:bucket":2,"mekanism:ultimate_mechanical_pipe":4,"mekanismgenerators:fission_reactor_casing":12,"minecraft:iron_pickaxe":2,"minecraft:furnace":7,"immersiveengineering:balloon":2,"minecraft:stick":1,"create:mechanical_mixer":3,"mekanismgenerators:fission_reactor_port":1,"create:dough":160,"minecraft:porkchop":8,"minecraft:vine":1,"thermal:machine_furnace":2,"create:large_cogwheel":1,"mekanism:ultimate_universal_cable":18,"extrastorage:iron_crafter":12,"minecraft:obsidian":63,"mekanismgenerators:advanced_solar_generator":4,"minecraft:cobblestone":89,"mekanismgenerators:rotational_complex":1,"thermal:blizz_powder":7,"minecraft:wither_skeleton_skull":5,"minecraft:lapis_lazuli":118,"minecraft:dirt":379,"powah:energy_cable_basic":31,"powah:dielectric_paste":54,"mekanism:dust_obsidian":12,"kubejs:cube4_inert":64,"immersiveengineering:hemp_fiber":4068,"minecraft:glass":1,"minecraft:wheat_seeds":529,"itemcollectors:advanced_collector":1,"thermal:iron_gear":1,"theoneprobe:probenote":2,"mekanismgenerators:control_rod_assembly":9,"minecraft:stone_hoe":1,"minecraft:oak_planks":24,"thermal:bell_pepper_seeds":11,"mekanism:rotary_condensentrator":3,"create:cogwheel":18,"minecraft:oak_pressure_plate":48,"prettypipes:pipe":66,"thermal:blizz_rod":74,"mekanismgenerators:saturating_condenser":2,"minecraft:diamond":388,"minecraft:bone_meal":1,"minecraft:emerald":22,"projecte:transmutation_table":2,"projectexpansion:basic_emc_link":19,"minecraft:oak_sapling":30,"minecraft:netherrack":130,"minecraft:nether_star":6,"create:white_sail":9,"minecraft:charcoal":82,"refinedstorage:pattern_grid":1,"minecraft:chicken":6,"mekanism:solar_neutron_activator":1,"minecraft:wooden_pickaxe":1,"create:chute":3,"create:basin":6,"kubejs:bronze_rod":32,"thermal:machine_bottler":1,"create:windmill_bearing":1,"thermal:green_bean":20,"mekanism:thermal_evaporation_block":366,"create:zinc_ingot":64,"extrastorage:diamond_crafter":3,"projectexpansion:transmutation_interface":1,"thermal:machine_refinery":1,"minecraft:leather":2,"powah:energy_cable_starter":40,"minecraft:gunpowder":3,"create:blaze_burner":8,"prettypipes:stack_size_module":2,"trashcans:liquid_trash_can":1,"prettypipes:round_robin_sorting_modifier":8,"fluxnetworks:flux_point":8,"mekanismgenerators:fission_fuel_assembly":24,"pipez:gas_pipe":6,"kubejs:steel_gear":33,"thermal:machine_crucible":1,"minecraft:iron_ingot":1088,"thermal:tomato_seeds":12,"refinedstorage:cable":82,"quark:pickarang":1,"storagedrawers:oak_full_drawers_1":7,"minecraft:soul_sand":37,"minecraft:oak_slab":97,"mekanism:ultimate_pressurized_tube":35,"thermal:bell_pepper":20,"minecraft:quartz":1555,"minecraft:dandelion":5,"mekanism:thermal_evaporation_valve":3,"minecraft:lava_bucket":1,"refinedstorage:pattern":207,"minecraft:white_bed":2,"thermal:green_bean_seeds":12,"create:wheat_flour":21,"miniutilities:ethereal_glass":32,"powah:dielectric_rod_horizontal":8,"prettypipes:high_speed_module":2,"refinedstorage:importer":9,"mekanismgenerators:wind_generator":3,"minecraft:lime_dye":1,"create:brass_ingot":58,"create:encased_fan":4,"minecraft:coal":293},"minecraft:used":{"mekanism:ultimate_tier_installer":11,"mekanism:pressure_disperser":52,"refinedstorage:exporter":62,"projecte:dm_pedestal":15,"minecraft:chest":13,"projecte:rm_katar":3,"fluxnetworks:flux_plug":2,"minecraft:soul_sand":30,"mekanism:ultimate_pressurized_tube":71,"create:white_sail":163,"refinedstorage:wireless_transmitter":7,"create:mechanical_crafter":23,"create:depot":3,"mekanismgenerators:turbine_rotor":10,"minecraft:lava_bucket":58,"constructionwand:infinity_wand":337,"extrastorage:iron_crafter":12,"projecte:rm_morning_star":1732,"refinedstorage:external_storage":22,"thermal:machine_insolator":1,"create:shaft":7,"minecraft:oak_sapling":2,"minecraft:furnace":7,"minecraft:egg":22,"powah:energy_cable_starter":4,"mekanism:advanced_universal_cable":125,"minecraft:emerald_ore":22,"projectexpansion:transmutation_interface":2,"minecraft:wooden_pickaxe":4,"mekanism:chemical_dissolution_chamber":1,"create:spout":1,"elevatorid:elevator_white":3,"mekanismgenerators:turbine_vent":792,"mekanismgenerators:reactor_glass":225,"thermal:machine_chiller":1,"projecte:transmutation_table":2,"immersiveengineering:hammer":16,"projectexpansion:basic_emc_link":35,"mekanism:thermal_evaporation_controller":2,"minecraft:oak_pressure_plate":3,"minecraft:diamond_ore":385,"mekanism:rotary_condensentrator":5,"create:basin":12,"mekanism:ultimate_energy_cube":20,"minecraft:smithing_table":1,"storagedrawers:oak_full_drawers_2":3,"minecraft:netherrack":1,"mekanismgenerators:control_rod_assembly":33,"mekanismgenerators:fission_reactor_casing":205,"mekanism:osmium_compressor":1,"mekanism:ultimate_fluid_tank":2,"projecte:volcanite_amulet":15,"mekanism:chemical_oxidizer":2,"thermal:dynamo_stirling":13,"create:gearbox":1,"mekanism:radioactive_waste_barrel":44,"mekanism:purification_chamber":1,"carryon:entity_item":15,"mekanism:teleporter_frame":103,"minecraft:barrel":2,"constructionwand:diamond_wand":369,"minecraft:wheat_seeds":98,"minecraft:water_bucket":66,"mekanism:isotopic_centrifuge":4,"thermal:machine_pulverizer":5,"fluxnetworks:basic_flux_storage":1,"create:blaze_burner":10,"create:encased_fan":7,"rebornstorage:super_wireless_crafting_grid":3,"minecraft:crafting_table":2,"minecraft:vine":2,"minecraft:oak_slab":2,"refinedstorage:pattern_grid":3,"projecte:rm_hoe":25,"thermal:machine_furnace":16,"minecraft:white_bed":2,"mekanism:thermal_evaporation_valve":5,"minecraft:oak_log":155,"mekanismgenerators:turbine_valve":2,"minecraft:diamond_pickaxe":341,"projecte:evertide_amulet":5,"mekanism:ultimate_chemical_tank":3,"quark:pickarang":197,"minecraft:iron_pickaxe":209,"refinedstorage:crafting_grid":1,"thermal:machine_smelter":10,"minecraft:cobblestone":21,"mekanismgenerators:saturating_condenser":100,"mekanism:thermal_evaporation_block":609,"mekanism:resistive_heater":1,"miniutilities:iron_spikes":4,"immersiveengineering:seed":11,"minecraft:oak_sign":14,"mekanism:basic_fluid_tank":5,"thermal:machine_bottler":10,"prettypipes:wrench":60,"mekanismgenerators:rotational_complex":2,"create:cogwheel":132,"mekanism:basic_universal_cable":58,"immersiveengineering:cokebrick":225,"refinedstorage:controller":2,"minecraft:obsidian":178,"minecraft:glass":35,"sophisticatedbackpacks:diamond_backpack":8,"thermal:sadiroot_seeds":1,"minecraft:coal_ore":165,"mekanismgenerators:wind_generator":49,"mekanismgenerators:electromagnetic_coil":50,"create:millstone":1,"mekanism:basic_tier_installer":10,"refinedstorage:importer":35,"carryon:tile_item":179,"trashcans:liquid_trash_can":5,"thermal:machine_refinery":4,"pipez:item_pipe":251,"clickmachine:auto_clicker":28,"refinedstorage:disk_drive":1,"mekanism:ultimate_mechanical_pipe":19,"extrastorage:gold_crafter":10,"create:crushing_wheel":6,"minecraft:wither_skeleton_skull":23,"minecraft:oak_planks":9,"minecraft:ender_pearl":1,"minecraft:diamond_axe":315,"projecte:rm_pick":1811,"minecraft:shears":1,"thermal:machine_pyrolyzer":5,"mekanism:teleporter":9,"mekanism:crusher":2,"mekanism:elite_tier_installer":11,"minecraft:bread":5,"mekanism:metallurgic_infuser":5,"create:andesite_casing":4,"mekanismgenerators:advanced_solar_generator":8,"rechiseled:cobblestone_pulverized":65,"cookingforblockheads:sink":4,"mekanismgenerators:fission_fuel_assembly":193,"mekanism:basic_smelting_factory":1,"create:vertical_gearbox":12,"minecraft:bone_meal":3,"create:large_cogwheel":20,"mekanism:advanced_tier_installer":11,"storagedrawers:oak_full_drawers_1":42,"thermal:machine_crucible":8,"mekanism:enrichment_chamber":3,"minecraft:flint_and_steel":2,"mekanism:configurator":66,"minecraft:redstone_ore":871,"minecraft:redstone":1,"powah:energy_cable_basic":39,"minecraft:dirt":6581,"create:mechanical_mixer":7,"minecraft:hopper":1,"extrastorage:diamond_crafter":12,"mekanismgenerators:fission_reactor_port":5,"itemcollectors:advanced_collector":3,"create:chute":6,"projecte:dm_furnace":2,"minecraft:oak_stairs":1,"torchmaster:feral_flare_lantern":11,"mekanism:pressurized_reaction_chamber":5,"mekanism:electrolytic_separator":2,"immersiveengineering:blastbrick":54,"minecraft:cooked_beef":36,"thermal:device_collector":7,"pipez:fluid_pipe":37,"thermal:machine_press":12,"fluxnetworks:flux_point":28,"mekanism:ultimate_universal_cable":174,"projecte:rm_sword":22,"miniutilities:ethereal_glass":65,"mekanism:chemical_infuser":5,"fluxnetworks:flux_controller":1,"constructionwand:stone_wand":51,"prettypipes:pipe":113,"mekanismgenerators:turbine_casing":618,"refinedstorage:cable":1439,"create:mechanical_press":2,"fluxnetworks:gargantuan_flux_storage":1,"create:windmill_bearing":4,"mekanism:structural_glass":321,"minecraft:lapis_ore":18,"thermal:green_bean_seeds":1,"thermal:bell_pepper_seeds":1,"pipez:gas_pipe":1051,"projecte:philosophers_stone":35,"thermal:machine_crafter":13,"mekanism:solar_neutron_activator":2,"thermal:tomato_seeds":1,"rechiseled:cobblestone_pulverized_connecting":1772,"minecraft:bucket":73,"storagedrawers:drawer_key":38},"minecraft:broken":{"constructionwand:diamond_wand":4,"constructionwand:stone_wand":2}},"DataVersion":2975}