{
  "comforts:sleeping_bag_light_gray": {
    "criteria": {
      "has_the_recipe": "2024-12-11 21:01:40 +0800"
    },
    "done": true
  },
  "comforts:hammock_white": {
    "criteria": {
      "has_the_recipe": "2024-12-11 21:01:40 +0800"
    },
    "done": true
  },
  "create:wrench_goggles": {
    "criteria": {
      "1": "2024-12-12 07:34:51 +0800"
    },
    "done": false
  },
  "comforts:hammock_cyan_from_white": {
    "criteria": {
      "has_the_recipe": "2024-12-11 21:01:40 +0800"
    },
    "done": true
  },
  "comforts:hammock_black": {
    "criteria": {
      "has_the_recipe": "2024-12-11 21:01:40 +0800"
    },
    "done": true
  },
  "projecte:transmutation_table": {
    "criteria": {
      "trans_table": "2024-12-11 21:02:57 +0800"
    },
    "done": true
  },
  "comforts:sleeping_bag_light_blue": {
    "criteria": {
      "has_the_recipe": "2024-12-11 21:01:40 +0800"
    },
    "done": true
  },
  "comforts:sleeping_bag_green_from_white": {
    "criteria": {
      "has_the_recipe": "2024-12-11 21:01:40 +0800"
    },
    "done": true
  },
  "comforts:sleeping_bag_lime": {
    "criteria": {
      "has_the_recipe": "2024-12-11 21:01:40 +0800"
    },
    "done": true
  },
  "naturescompass:natures_compass": {
    "criteria": {
      "has_recipe": "2024-12-11 21:01:40 +0800"
    },
    "done": true
  },
  "refinedstorage:drives": {
    "criteria": {
      "disk_drive_in_inventory": "2024-12-13 11:10:41 +0800"
    },
    "done": true
  },
  "comforts:sleeping_bag_lime_from_white": {
    "criteria": {
      "has_the_recipe": "2024-12-11 21:01:40 +0800"
    },
    "done": true
  },
  "create:copper": {
    "criteria": {
      "0": "2024-12-11 21:26:30 +0800"
    },
    "done": true
  },
  "projecte:red_matter": {
    "criteria": {
      "rm": "2024-12-12 08:34:28 +0800"
    },
    "done": true
  },
  "create:andesite_alloy": {
    "criteria": {
      "0": "2024-12-12 07:33:36 +0800"
    },
    "done": true
  },
  "comforts:sleeping_bag_black_from_white": {
    "criteria": {
      "has_the_recipe": "2024-12-11 21:01:40 +0800"
    },
    "done": true
  },
  "create:mechanical_mixer": {
    "criteria": {
      "0": "2024-12-12 08:30:41 +0800"
    },
    "done": true
  },
  "projecte:transmutation_tablet": {
    "criteria": {
      "trans_tablet": "2024-12-11 22:01:39 +0800"
    },
    "done": true
  },
  "comforts:hammock_light_blue_from_white": {
    "criteria": {
      "has_the_recipe": "2024-12-11 21:01:40 +0800"
    },
    "done": true
  },
  "create:mechanical_press": {
    "criteria": {
      "0": "2024-12-12 08:23:40 +0800"
    },
    "done": true
  },
  "comforts:sleeping_bag_black": {
    "criteria": {
      "has_the_recipe": "2024-12-11 21:01:40 +0800"
    },
    "done": true
  },
  "minecraft:nether/obtain_ancient_debris": {
    "criteria": {
      "ancient_debris": "2024-12-13 10:58:42 +0800"
    },
    "done": true
  },
  "comforts:hammock_red_from_white": {
    "criteria": {
      "has_the_recipe": "2024-12-11 21:01:40 +0800"
    },
    "done": true
  },
  "comforts:hammock_yellow": {
    "criteria": {
      "has_the_recipe": "2024-12-11 21:01:40 +0800"
    },
    "done": true
  },
  "refinedstorage:wireless_items": {
    "criteria": {
      "wireless_grid_in_inventory": "2024-12-13 11:24:33 +0800"
    },
    "done": true
  },
  "create:copper_casing": {
    "criteria": {
      "0": "2024-12-13 19:23:28 +0800"
    },
    "done": true
  },
  "comforts:hammock_cyan": {
    "criteria": {
      "has_the_recipe": "2024-12-11 21:01:40 +0800"
    },
    "done": true
  },
  "create:mechanical_crafter": {
    "criteria": {
      "0": "2024-12-13 20:07:57 +0800"
    },
    "done": true
  },
  "comforts:sleeping_bag_purple": {
    "criteria": {
      "has_the_recipe": "2024-12-11 21:01:40 +0800"
    },
    "done": true
  },
  "projecte:dark_matter_block": {
    "criteria": {
      "dm_block": "2024-12-13 11:37:31 +0800"
    },
    "done": true
  },
  "comforts:hammock_pink_from_white": {
    "criteria": {
      "has_the_recipe": "2024-12-11 21:01:40 +0800"
    },
    "done": true
  },
  "minecraft:nether/summon_wither": {
    "criteria": {
      "summoned": "2024-12-13 21:34:51 +0800"
    },
    "done": true
  },
  "comforts:sleeping_bag_purple_from_white": {
    "criteria": {
      "has_the_recipe": "2024-12-11 21:01:40 +0800"
    },
    "done": true
  },
  "immersiveengineering:main/creosote": {
    "criteria": {
      "has_item": "2024-12-12 09:05:32 +0800"
    },
    "done": true
  },
  "refinedstorage:upgrading": {
    "criteria": {
      "upgrade_in_inventory": "2024-12-13 11:26:04 +0800"
    },
    "done": true
  },
  "immersiveengineering:main/mb_cokeoven": {
    "criteria": {
      "form_multiblock": "2024-12-12 07:58:32 +0800"
    },
    "done": true
  },
  "create:compacting": {
    "criteria": {
      "0": "2024-12-13 20:15:42 +0800"
    },
    "done": true
  },
  "comforts:sleeping_bag_yellow": {
    "criteria": {
      "has_the_recipe": "2024-12-11 21:01:40 +0800"
    },
    "done": true
  },
  "projecte:dark_matter_furnace": {
    "criteria": {
      "dm_furnace": "2024-12-13 11:37:40 +0800"
    },
    "done": true
  },
  "comforts:hammock_light_gray": {
    "criteria": {
      "has_the_recipe": "2024-12-11 21:01:40 +0800"
    },
    "done": true
  },
  "refinedstorage:viewing_items": {
    "criteria": {
      "grid_in_inventory": "2024-12-13 11:02:23 +0800"
    },
    "done": true
  },
  "comforts:hammock_purple": {
    "criteria": {
      "has_the_recipe": "2024-12-11 21:01:40 +0800"
    },
    "done": true
  },
  "minecraft:husbandry/balanced_diet": {
    "criteria": {
      "cooked_beef": "2024-12-11 22:03:04 +0800",
      "bread": "2024-12-11 21:11:51 +0800"
    },
    "done": false
  },
  "comforts:sleeping_bag_orange_from_white": {
    "criteria": {
      "has_the_recipe": "2024-12-11 21:01:40 +0800"
    },
    "done": true
  },
  "comforts:hammock_yellow_from_white": {
    "criteria": {
      "has_the_recipe": "2024-12-11 21:01:40 +0800"
    },
    "done": true
  },
  "create:chute": {
    "criteria": {
      "0": "2024-12-13 13:00:18 +0800"
    },
    "done": true
  },
  "comforts:sleeping_bag_blue_from_white": {
    "criteria": {
      "has_the_recipe": "2024-12-11 21:01:40 +0800"
    },
    "done": true
  },
  "create:brass": {
    "criteria": {
      "0": "2024-12-13 20:01:25 +0800"
    },
    "done": true
  },
  "comforts:sleeping_bag_green": {
    "criteria": {
      "has_the_recipe": "2024-12-11 21:01:40 +0800"
    },
    "done": true
  },
  "comforts:hammock_lime": {
    "criteria": {
      "has_the_recipe": "2024-12-11 21:01:40 +0800"
    },
    "done": true
  },
  "comforts:sleeping_bag_brown_from_white": {
    "criteria": {
      "has_the_recipe": "2024-12-11 21:01:40 +0800"
    },
    "done": true
  },
  "extrastorage:iron_crafter": {
    "criteria": {
      "certus": "2024-12-13 11:31:53 +0800"
    },
    "done": true
  },
  "minecraft:story/iron_tools": {
    "criteria": {
      "iron_pickaxe": "2024-12-11 21:08:50 +0800"
    },
    "done": true
  },
  "comforts:sleeping_bag_white": {
    "criteria": {
      "has_the_recipe": "2024-12-11 21:01:40 +0800"
    },
    "done": true
  },
  "comforts:sleeping_bag_pink": {
    "criteria": {
      "has_the_recipe": "2024-12-11 21:01:40 +0800"
    },
    "done": true
  },
  "comforts:hammock_light_gray_from_white": {
    "criteria": {
      "has_the_recipe": "2024-12-11 21:01:40 +0800"
    },
    "done": true
  },
  "comforts:sleeping_bag_brown": {
    "criteria": {
      "has_the_recipe": "2024-12-11 21:01:40 +0800"
    },
    "done": true
  },
  "comforts:sleeping_bag_gray": {
    "criteria": {
      "has_the_recipe": "2024-12-11 21:01:40 +0800"
    },
    "done": true
  },
  "refinedstorage:connecting": {
    "criteria": {
      "cable_in_inventory": "2024-12-13 10:58:19 +0800"
    },
    "done": true
  },
  "naturescompass:natures_compass_sapling": {
    "criteria": {
      "has_recipe": "2024-12-11 21:01:40 +0800"
    },
    "done": true
  },
  "comforts:sleeping_bag_light_blue_from_white": {
    "criteria": {
      "has_the_recipe": "2024-12-11 21:01:40 +0800"
    },
    "done": true
  },
  "minecraft:story/root": {
    "criteria": {
      "crafting_table": "2024-12-11 21:05:05 +0800"
    },
    "done": true
  },
  "create:burner": {
    "criteria": {
      "0": "2024-12-13 10:35:43 +0800"
    },
    "done": true
  },
  "projecte:philosophers_stone": {
    "criteria": {
      "philosophers_stone": "2024-12-12 08:32:12 +0800"
    },
    "done": true
  },
  "comforts:hammock_light_blue": {
    "criteria": {
      "has_the_recipe": "2024-12-11 21:01:40 +0800"
    },
    "done": true
  },
  "create:windmill": {
    "criteria": {
      "0": "2024-12-12 07:40:42 +0800"
    },
    "done": true
  },
  "minecraft:story/form_obsidian": {
    "criteria": {
      "obsidian": "2024-12-12 08:37:21 +0800"
    },
    "done": true
  },
  "comforts:rope_and_nail": {
    "criteria": {
      "has_the_recipe": "2024-12-11 21:01:40 +0800"
    },
    "done": true
  },
  "create:rose_quartz": {
    "criteria": {
      "0": "2024-12-13 20:05:49 +0800"
    },
    "done": true
  },
  "comforts:hammock_magenta": {
    "criteria": {
      "has_the_recipe": "2024-12-11 21:01:40 +0800"
    },
    "done": true
  },
  "create:spout": {
    "criteria": {
      "0": "2024-12-13 20:17:18 +0800"
    },
    "done": true
  },
  "minecraft:nether/get_wither_skull": {
    "criteria": {
      "wither_skull": "2024-12-13 21:30:14 +0800"
    },
    "done": true
  },
  "comforts:sleeping_bag_red": {
    "criteria": {
      "has_the_recipe": "2024-12-11 21:01:40 +0800"
    },
    "done": true
  },
  "comforts:sleeping_bag_red_from_white": {
    "criteria": {
      "has_the_recipe": "2024-12-11 21:01:40 +0800"
    },
    "done": true
  },
  "minecraft:adventure/kill_a_mob": {
    "criteria": {
      "minecraft:blaze": "2024-12-12 09:29:51 +0800"
    },
    "done": true
  },
  "create:millstone": {
    "criteria": {
      "0": "2024-12-13 10:56:29 +0800"
    },
    "done": true
  },
  "minecraft:husbandry/bred_all_animals": {
    "criteria": {
      "minecraft:chicken": "2024-12-12 08:45:28 +0800"
    },
    "done": false
  },
  "trashcans:trash_can": {
    "criteria": {
      "has_liquid_trash_can": "2024-12-13 09:48:04 +0800"
    },
    "done": true
  },
  "refinedstorage:root": {
    "criteria": {
      "controller_in_inventory": "2024-12-13 10:58:02 +0800"
    },
    "done": true
  },
  "comforts:sleeping_bag_magenta_from_white": {
    "criteria": {
      "has_the_recipe": "2024-12-11 21:01:40 +0800"
    },
    "done": true
  },
  "comforts:hammock_magenta_from_white": {
    "criteria": {
      "has_the_recipe": "2024-12-11 21:01:40 +0800"
    },
    "done": true
  },
  "comforts:sleeping_bag_blue": {
    "criteria": {
      "has_the_recipe": "2024-12-11 21:01:40 +0800"
    },
    "done": true
  },
  "comforts:hammock_brown_from_white": {
    "criteria": {
      "has_the_recipe": "2024-12-11 21:01:40 +0800"
    },
    "done": true
  },
  "minecraft:nether/obtain_blaze_rod": {
    "criteria": {
      "blaze_rod": "2024-12-12 09:29:52 +0800"
    },
    "done": true
  },
  "minecraft:story/mine_stone": {
    "criteria": {
      "get_stone": "2024-12-11 21:06:03 +0800"
    },
    "done": true
  },
  "create:crushing_wheel": {
    "criteria": {
      "0": "2024-12-13 20:11:03 +0800"
    },
    "done": true
  },
  "minecraft:adventure/adventuring_time": {
    "criteria": {
      "minecraft:taiga": "2024-12-13 15:58:04 +0800",
      "minecraft:birch_forest": "2024-12-12 07:29:42 +0800",
      "minecraft:beach": "2024-12-13 15:57:58 +0800",
      "minecraft:dark_forest": "2024-12-13 15:58:28 +0800",
      "minecraft:river": "2024-12-12 02:14:22 +0800",
      "minecraft:swamp": "2024-12-14 18:26:58 +0800",
      "minecraft:cold_ocean": "2024-12-13 15:57:59 +0800",
      "minecraft:forest": "2024-12-13 15:57:57 +0800",
      "minecraft:lush_caves": "2024-12-13 15:58:29 +0800",
      "minecraft:old_growth_birch_forest": "2024-12-11 21:01:41 +0800"
    },
    "done": false
  },
  "projecte:red_matter_pickaxe": {
    "criteria": {
      "rm_pick": "2024-12-12 08:53:22 +0800"
    },
    "done": true
  },
  "comforts:hammock_blue_from_white": {
    "criteria": {
      "has_the_recipe": "2024-12-11 21:01:40 +0800"
    },
    "done": true
  },
  "create:andesite_casing": {
    "criteria": {
      "0": "2024-12-12 07:42:29 +0800"
    },
    "done": true
  },
  "refinedstorage:crafting_on_demand": {
    "criteria": {
      "upgrade_in_inventory": "2024-12-13 13:26:35 +0800"
    },
    "done": true
  },
  "comforts:sleeping_bag_gray_from_white": {
    "criteria": {
      "has_the_recipe": "2024-12-11 21:01:40 +0800"
    },
    "done": true
  },
  "minecraft:story/lava_bucket": {
    "criteria": {
      "lava_bucket": "2024-12-11 21:02:57 +0800"
    },
    "done": true
  },
  "comforts:sleeping_bag_orange": {
    "criteria": {
      "has_the_recipe": "2024-12-11 21:01:40 +0800"
    },
    "done": true
  },
  "minecraft:husbandry/root": {
    "criteria": {
      "consumed_item": "2024-12-11 21:11:51 +0800"
    },
    "done": true
  },
  "immersiveengineering:main/craft_hammer": {
    "criteria": {
      "has_item": "2024-12-11 21:14:19 +0800"
    },
    "done": true
  },
  "comforts:sleeping_bag_cyan": {
    "criteria": {
      "has_the_recipe": "2024-12-11 21:01:40 +0800"
    },
    "done": true
  },
  "immersiveengineering:main/main_root": {
    "criteria": {
      "has_item": "2024-12-12 07:34:56 +0800"
    },
    "done": true
  },
  "create:shifting_gears": {
    "criteria": {
      "0": "2024-12-12 08:28:56 +0800"
    },
    "done": true
  },
  "refinedstorage:importing": {
    "criteria": {
      "importer_in_inventory": "2024-12-13 11:53:24 +0800"
    },
    "done": true
  },
  "comforts:hammock_purple_from_white": {
    "criteria": {
      "has_the_recipe": "2024-12-11 21:01:40 +0800"
    },
    "done": true
  },
  "refinedstorage:upgrading_your_grid": {
    "criteria": {
      "crafting_grid_in_inventory": "2024-12-13 11:02:55 +0800"
    },
    "done": true
  },
  "minecraft:husbandry/plant_seed": {
    "criteria": {
      "wheat": "2024-12-11 21:54:59 +0800"
    },
    "done": true
  },
  "minecraft:adventure/root": {
    "criteria": {
      "killed_something": "2024-12-12 08:46:05 +0800"
    },
    "done": true
  },
  "refinedstorage:autocrafting": {
    "criteria": {
      "crafter_in_inventory": "2024-12-13 11:31:29 +0800"
    },
    "done": true
  },
  "comforts:sleeping_bag_pink_from_white": {
    "criteria": {
      "has_the_recipe": "2024-12-11 21:01:40 +0800"
    },
    "done": true
  },
  "comforts:hammock_red": {
    "criteria": {
      "has_the_recipe": "2024-12-11 21:01:40 +0800"
    },
    "done": true
  },
  "comforts:hammock_black_from_white": {
    "criteria": {
      "has_the_recipe": "2024-12-11 21:01:40 +0800"
    },
    "done": true
  },
  "comforts:sleeping_bag_yellow_from_white": {
    "criteria": {
      "has_the_recipe": "2024-12-11 21:01:40 +0800"
    },
    "done": true
  },
  "comforts:hammock_gray_from_white": {
    "criteria": {
      "has_the_recipe": "2024-12-11 21:01:40 +0800"
    },
    "done": true
  },
  "minecraft:adventure/kill_all_mobs": {
    "criteria": {
      "minecraft:blaze": "2024-12-12 09:29:51 +0800",
      "minecraft:wither": "2024-12-13 21:35:05 +0800"
    },
    "done": false
  },
  "refinedstorage:storing_externally": {
    "criteria": {
      "external_storage_in_inventory": "2024-12-13 12:10:47 +0800"
    },
    "done": true
  },
  "immersiveengineering:main/mb_blastfurnace": {
    "criteria": {
      "form_multiblock": "2024-12-12 08:07:40 +0800"
    },
    "done": true
  },
  "minecraft:husbandry/breed_an_animal": {
    "criteria": {
      "bred": "2024-12-12 08:45:28 +0800"
    },
    "done": true
  },
  "minecraft:adventure/trade": {
    "criteria": {
      "traded": "2024-12-13 13:04:44 +0800"
    },
    "done": true
  },
  "comforts:hammock_green_from_white": {
    "criteria": {
      "has_the_recipe": "2024-12-11 21:01:40 +0800"
    },
    "done": true
  },
  "comforts:hammock_orange": {
    "criteria": {
      "has_the_recipe": "2024-12-11 21:01:40 +0800"
    },
    "done": true
  },
  "projecte:dark_matter": {
    "criteria": {
      "dm": "2024-12-12 08:34:00 +0800"
    },
    "done": true
  },
  "create:encased_fan": {
    "criteria": {
      "0": "2024-12-12 07:47:32 +0800"
    },
    "done": true
  },
  "comforts:hammock_lime_from_white": {
    "criteria": {
      "has_the_recipe": "2024-12-11 21:01:40 +0800"
    },
    "done": true
  },
  "comforts:hammock_pink": {
    "criteria": {
      "has_the_recipe": "2024-12-11 21:01:40 +0800"
    },
    "done": true
  },
  "comforts:hammock_orange_from_white": {
    "criteria": {
      "has_the_recipe": "2024-12-11 21:01:40 +0800"
    },
    "done": true
  },
  "comforts:sleeping_bag_magenta": {
    "criteria": {
      "has_the_recipe": "2024-12-11 21:01:40 +0800"
    },
    "done": true
  },
  "comforts:sleeping_bag_cyan_from_white": {
    "criteria": {
      "has_the_recipe": "2024-12-11 21:01:40 +0800"
    },
    "done": true
  },
  "comforts:sleeping_bag_light_gray_from_white": {
    "criteria": {
      "has_the_recipe": "2024-12-11 21:01:40 +0800"
    },
    "done": true
  },
  "refinedstorage:pattern_creation": {
    "criteria": {
      "pattern_and_pattern_grid_in_inventory": "2024-12-13 11:33:07 +0800"
    },
    "done": true
  },
  "create:root": {
    "criteria": {
      "0": "2024-12-11 21:02:22 +0800"
    },
    "done": true
  },
  "naturescompass:natures_compass_log": {
    "criteria": {
      "has_recipe": "2024-12-11 21:01:40 +0800"
    },
    "done": true
  },
  "refinedstorage:wireless": {
    "criteria": {
      "wireless_transmitter_in_inventory": "2024-12-13 11:17:54 +0800"
    },
    "done": true
  },
  "minecraft:story/mine_diamond": {
    "criteria": {
      "diamond": "2024-12-11 21:51:30 +0800"
    },
    "done": true
  },
  "comforts:hammock_brown": {
    "criteria": {
      "has_the_recipe": "2024-12-11 21:01:40 +0800"
    },
    "done": true
  },
  "create:fan_processing": {
    "criteria": {
      "0": "2024-12-12 07:50:10 +0800"
    },
    "done": true
  },
  "refinedstorage:exporting": {
    "criteria": {
      "exporter_in_inventory": "2024-12-13 12:09:52 +0800"
    },
    "done": true
  },
  "comforts:hammock_blue": {
    "criteria": {
      "has_the_recipe": "2024-12-11 21:01:40 +0800"
    },
    "done": true
  },
  "comforts:hammock_green": {
    "criteria": {
      "has_the_recipe": "2024-12-11 21:01:40 +0800"
    },
    "done": true
  },
  "minecraft:story/smelt_iron": {
    "criteria": {
      "iron": "2024-12-11 21:08:46 +0800"
    },
    "done": true
  },
  "create:brass_casing": {
    "criteria": {
      "0": "2024-12-13 20:06:34 +0800"
    },
    "done": true
  },
  "comforts:hammock_gray": {
    "criteria": {
      "has_the_recipe": "2024-12-11 21:01:40 +0800"
    },
    "done": true
  },
  "DataVersion": 2975
}